ITEM,LINK, SALE , NORMAL PRICE 
Accu Cable Ac3Pdmx5 Five Foot 3 Pin True Dmx Cable,http://www.musiciansfriend.com/accessories/american-dj-3-pin-dmx-cable/331770000102000," $5,00 ",
Ahead Long Taper Drumstick Covers ?,http://www.musiciansfriend.com/accessories/ahead-long-taper-drumstick-covers," $2,95 ",
Alaska Pik Finger Guitar Pick Extra Large,http://www.musiciansfriend.com/accessories/alaska-pik-finger-guitar-pick,," $ 1,99 "
Alaska Pik Finger Guitar Pick Medium,http://www.musiciansfriend.com/accessories/alaska-pik-finger-guitar-pick,," $ 1,99 "
BEHRINGER BATTERY BAT1,http://www.musiciansfriend.com/accessories/behringer-battery-bat1-replacement-battery-for-epa40,," $ 14,99 "
BEHRINGER FCV100,http://www.musiciansfriend.com/accessories/behringer-fcv100-dual-mode-footcontroller,," $ 29,99 "
Behringer HPX2000 Headphones High-Definition DJ Headphones,http://www.musiciansfriend.com/pro-audio/behringer-hpx2000-dj-headphones,," $ 19,99 "
BEHRINGER PSU3-UL,http://www.musiciansfriend.com/accessories/behringer-psu3-ul-power-supply,," $ 9,97 "
BEHRINGER PSU-SB,http://www.musiciansfriend.com/accessories/behringer-psu-sb-9v-dc-power-supply,," $ 9,99 "
BEHRINGER ULTRA TREMOLO UT300,http://www.musiciansfriend.com/amplifiers-effects/behringer-ultra-tremolo-ut300-classic-tremolo-effects-pedal,," $ 24,99 "
BEHRINGER VINTAGE TUBE OVERDRIVE TO800,http://www.musiciansfriend.com/amplifiers-effects/behringer-to800-vintage-tube-overdrive-guitar-effects-pedal,," $ 19,99 "
Behringer Ultravoice Xm8500 Dynamic Cardioid Vocal Microphone (1 Unit),http://www.musiciansfriend.com/pro-audio/behringer-xm8500-microphone?rNtt=Behringer%20XM8500%20Dynamic%20Cardioid%20Vocal%20Microphone&index=1,," $ 19,39 "
"D'Addario EJ27N Student Nylon Classical Guitar Strings, Normal Tension",http://www.musiciansfriend.com/accessories/daddario-ej27n-normal-tension-classical-guitar-strings?rNtt=D%27Addario%20EJ27N%20Student%20Nylon%20Classical%20Guitar%20Strings&index=1,," $ 3,95 "
"Dunlop 427PJP John Petrucci Jazz III, Purple, 6/Player's Pack",http://www.ebay.com/itm/262420620384,," $ 3,89 "
"Dunlop 433P1.14 Ultex? Sharp, 1.14mm, 6/Player's Pack",http://www.musiciansfriend.com/accessories/dunlop-ultex-sharp-picks--6-pack/582856000151000," $3,09 ",
Dunlop 6582 Ultraglide 65 String Conditioner,http://www.musiciansfriend.com/accessories/dunlop-ultraglide-65-string-cleaner-conditioner,," $ 3,90 "
Jim Dunlop 6554 Dunlop Ultimate Lemon Oil,http://www.musiciansfriend.com/accessories/dunlop-fretboard-65-ultimate-lemon-oil,," $ 3,00 "
"D'Addario EXL110-3D Nickel Wound Electric Guitar Strings, Regular Light, 10-46, 3 Sets",http://www.musiciansfriend.com/accessories/daddario-exl110-nickel-light-electric-guitar-strings-3-pack," $9,95 ",
"D'Addario Natural Rosin, Light",http://www.musiciansfriend.com/orchestral-strings/daddario-natural-rosin,," $ 2,80 "
Trophy Triangle 5 in.,http://www.musiciansfriend.com/classroom-kids/trophy-triangle?rNtt=Trophy%20Triangle%205%20in.&index=1,," $ 2,60 "
Nino Sleigh Bells with Wooden Ergo Grip & 4 Bells Red,http://www.musiciansfriend.com/concert-percussion/nino-sleigh-bells-with-wooden-ergo-grip-4-bells,," $ 5,00 "
Behringer XENYX502 5-Channel Mixer,http://www.musiciansfriend.com/pro-audio/behringer-xenyx-502-mixer,," $ 40,00 "
MICROMON MA400,http://www.musiciansfriend.com/pro-audio/behringer-micromon-ma400-headphone-amplifier,," $ 25,00 "
Behringer MX400 | Ultra Low Noise 4 Channel Line Mixer Grey,http://www.musiciansfriend.com/pro-audio/behringer-micromix-mx400-4-channel-line-mixer,," $ 25,00 "
BEHRINGER V-TONE BASS DRIVER DI BDI21,http://www.musiciansfriend.com/amplifiers-effects/behringer-bdi21-v-tone-bass-driver-bass-amp-modeler-direct-recording-preamp-di-box-pedal,," $ 30,00 "
BEHRINGER PSU6-UL,http://www.musiciansfriend.com/accessories/behringer-psu6-ul-120v-power-supply,," $ 10,00 "
BEHRINGER ULTRA OCTAVER UO300,http://www.musiciansfriend.com/amplifiers-effects/behringer-ultra-octaver-uo300-3-mode-octaver-effects-pedal,," $ 25,00 "
BEHRINGER EUROLIVE WB212,http://www.musiciansfriend.com/accessories/behringer-wb212-mounting-bracket-for-eurolive-b212xl-speaker,," $ 40,00 "
BEHRINGER EUROLIVE WB212-WH,http://www.musiciansfriend.com/accessories/behringer-wb212-mounting-bracket-for-eurolive-b212xl-speaker,," $ 40,00 "
BEHRINGER ULTRA CHORUS UC200,http://www.musiciansfriend.com/amplifiers-effects/behringer-ultra-chorus-uc200-stereo-chorus-effects-pedal,," $ 25,00 "
BEHRINGER EUROLIVE WB215,http://www.musiciansfriend.com/accessories/behringer-wb215-mounting-bracket-for-eurolive-b215xl-speaker,," $ 50,00 "
BEHRINGER EUROLIVE WB215-WH,http://www.musiciansfriend.com/accessories/behringer-wb215-mounting-bracket-for-eurolive-b215xl-speaker,," $ 50,00 "
"Musician's Gear Electric, Acoustic and Bass Guitar Stand Black","http://www.musiciansfriend.com/accessories/musicians-gear-electric-acoustic-and-bass-guitar-stand?rNtt=Musician%27s%20Gear%20Electric,%20Acoustic%20and%20Bass%20Guitar%20Stand%20Black&index=2",," $ 10,00 "
Vic Firth Corpsmaster? Signature Snare -- Ralph Hardimon Nylon Tip,http://www.musiciansfriend.com/accessories/vic-firth-corpsmaster-ralph-hardimon-drumsticks?rNtt=Vic%20Firth%20Corpsmaster%C3%82%C2%AE%20Signature%20Snare%20--%20Ralph%20Hardimon&index=1,," $ 10,00 "
Vic Firth Corpsmaster? Signature Snare -- Ralph Hardimo,http://www.musiciansfriend.com/accessories/vic-firth-corpsmaster-ralph-hardimon-drumsticks?rNtt=Vic%20Firth%20Corpsmaster%C3%82%C2%AE%20Signature%20Snare%20--%20Ralph%20Hardimon&index=1,," $ 8,00 "
Key Stickers (Ez Play Today),http://www.musiciansfriend.com/books-sheet-music-media/hal-leonard-e-z-play-key-stickers-for-use-with-all-keyboards,," $ 3,00 "
LMI Transparent Tambourine ( ???????? ?? ????????),http://www.musiciansfriend.com/drums-percussion/lmi-transparent-tambourine-with-head,," $ 4,00 "
Lyons Classic American Kazoos 5-pack (???????? ?? ????????),http://www.musiciansfriend.com/folk-traditional-instruments/lyons-classic-american-kazoos-5-pack,," $ 5,00 "
"Martin M400 Mandolin Strings, Light",http://www.musiciansfriend.com/accessories/martin-m400-80-20-bronze-light-mandolin-strings,," $ 3,90 "
"Martin MSP4000 SP Phosphor Bronze Acoustic Guitar Strings, Extra Light","http://www.musiciansfriend.com/accessories/martin-msp4000-sp-phosphor-bronze-extra-light-acoustic-guitar-strings?rNtt=Martin%20MSP4000%20SP%20Phosphor%20Bronze%20Acoustic%20Guitar%20Strings,%20Extra%20Light&index=1",,$5.50 
"Musician's Gear Braided Instrument Cable 1/4"" Black 10 ft.",http://www.musiciansfriend.com/accessories/musicians-gear-braided-instrument-cable-1-4?rNtt=Musician%27s%20Gear%20Braided&index=1#,," $ 7,00 "
Musician's Gear Electric 4-String Nickel Plated Steel Bass Strings,http://www.musiciansfriend.com/accessories/musicians-gear-electric-4-string-nickel-plated-steel-bass-strings,," $ 9,00 "
Musician's Gear Heavy Duty Basic Mic Clip,http://www.musiciansfriend.com/pro-audio/musicians-gear-heavy-duty-basic-mic-clip,," $ 2,00 "
Perri's Leather Guitar Pick Key Chain,http://www.musiciansfriend.com/accessories/perris-leather-guitar-pick-key-chain,," $ 3,49 "
Vic Firth American Classic 7A,http://www.musiciansfriend.com/accessories/vic-firth-american-classic-hickory-drumsticks/460490000281017?rNtt=Vic%20Firth%20American%20Classic%C3%82%C2%AE%203AN%20--%20nylon%20tip&index=3#,," $ 7,95 "
Yamaha YRS24B Soprano Recorder,http://www.musiciansfriend.com/classroom-kids/yamaha-yrs-24b-soprano-recorder-with-baroque-fingering," $5,00 ",
Sennheiser HD 201 Lightweight Over Ear Headphones,http://www.musiciansfriend.com/pro-audio/sennheiser-hd-201-pro-closed-back-headphones?rNtt=Sennheiser%20HD&index=2,," $ 23,30 "
Belmonte Sousaphone Pads and Straps Cb3344Bk Standard Shoulder Pad - Black,https://www.amazon.com/gp/offer-listing/B000XZZ7ZK/ref=sr_1_1_olp?ie=UTF8&qid=1479479313&sr=8-1&keywords=Cb3344Bk&condition=new,," $ 10,99 "
Bespeco Silos Series 6-Inch Instrument and Foot Pedal/Stomp Box Cable with 1/4-Inch Right Angle Jacks,http://www.musiciansfriend.com/accessories/bespeco-silos-series-1-4-right-angle-ofc-instrument-pedal-cable,," $ 2,69 "
BEHRINGER BASS LIMITER ENHANCER BLE400,http://www.musiciansfriend.com/amplifiers-effects/behringer-bass-limiter-enhancer-ble400-bass-effects-pedal,," $ 25,00 "
BEHRINGER EUROLIVE WB210,http://www.musiciansfriend.com/accessories/behringer-wb210-black-wall-mount-bracket-for-eurolive-b210-series-speakers,," $ 30,00 "
Bespeco Silos Series 20-Feet Instrument Cable with 1/4-Inch Straight Jacks,http://www.musiciansfriend.com/accessories/bespeco-silos-series-1-4-straight-ofc-instrument-cable,," $ 8,00 "
Bespeco Silos Series 6-Feet Interlink Cable with Right Angle 3.5 Stereo Jack to Two RCA Connectors,http://www.musiciansfriend.com/accessories/bespeco-3.5mm-right-angle-stereo-to-2-rca-male-cable,," $ 8,24 "
BEHRINGER PSU4-UL,http://www.musiciansfriend.com/accessories/behringer-psu4-ul-120v-power-supply,," $ 10,00 "
Bespeco Silos Series 39-Inch Instrument Cable with 1/4-Inch Stereo Jacks,http://www.musiciansfriend.com/accessories/bespeco-silos-series-1-4-straight-ofc-instrument-pedal-cable,," $ 5,00 "
BEHRINGER EUROLIVE WB208,http://www.musiciansfriend.com/accessories/behringer-wb208-black-wall-mount-bracket-for-eurolive-b208-series-speakers,," $ 30,00 "
Bespeco Silos Series Adapter with 3.5mm Stereo Jack to Two RCA Female Sockets,http://www.musiciansfriend.com/accessories/bespeco-3.5mm-stereo-to-2-rca-female-adapter,," $ 5,50 "
Bespeco Silos Series Adapter with RCA Female Socket to RCA Female Socket,http://www.musiciansfriend.com/accessories/bespeco-rca-female-to-rca-female-adapter,," $ 4,00 "
BEHRINGER PSU8-UL,http://www.musiciansfriend.com/accessories/behringer-psu8-ul-120v-power-supply,," $ 10,00 "
Bespeco Silos Series 6-Feet Professional Audio Cable -Stereo Cable with Dual RCA Connectors,http://www.musiciansfriend.com/accessories/bespeco-silos-series-ofc-professional-dual-rca-audio-cable,," $ 9,00 "
BEHRINGER POWER THE WORLD PSU-HSB-ALL,http://www.musiciansfriend.com/accessories/behringer-power-the-world-psu-hsb-all-multi-power-supply,," $ 20,00 "
Bespeco Silos Series Adapter with XLR Male Plug to RCA Female Socket,http://www.musiciansfriend.com/accessories/bespeco-xlr-male-to-rca-female-adapter,,$7.49 
BEHRINGER PSU7-UL,http://www.musiciansfriend.com/accessories/behringer-psu7-ul-120v-power-supply,," $ 10,00 "
BEHRINGER PSU11-UL,http://www.musiciansfriend.com/accessories/behringer-power-supply-psu11-ul,," $ 10,00 "
Bespeco Silos Series Adapter with 1/4-Inch Male Plug to XLR Female Socket,http://www.musiciansfriend.com/accessories/bespeco-1-4-male-to-xlr-female-adapter,,$6.35 
BEHRINGER ULTRAGLIDE CROSSFADER MODULE CFM-1,http://www.musiciansfriend.com/pro-audio/behringer-cfm-1-replacement-crossfader-for-djx400-and-dx626,," $ 10,00 "
Bespeco Silos Series Adapter with 1/4-Inch Right Angle Male Jack to 1/4-Inch Right Angle Male Jack,http://www.musiciansfriend.com/accessories/bespeco-1-4-right-angle-mono-male-to-1-4-right-angle-mono-male-adapter,,$6.36 
Bespeco Silos Series Adapter with 1/4-Inch Stereo Male Plug to 3.5mm Stereo Female Socket,http://www.musiciansfriend.com/accessories/bespeco-1-4-stereo-male-to-3.5mm-stereo-female-adapter,,$5.25 
Bespeco Silos Series Adapter with 1/4-Inch Male Mono Plug Ro RCA Female Socket,http://www.musiciansfriend.com/accessories/bespeco-1-4-mono-male-to-rca-female-adapter,,$4.34 
BEHRINGER PSU10-UL,http://www.musiciansfriend.com/accessories/behringer-psu10-ul-120v-power-supply,," $ 15,00 "
Behringer Digital Mixer X32 Fader Knobs,http://www.musiciansfriend.com/pro-audio/behringer-digital-mixer-x32-fader-knobs,," $ 20,00 "
Bespeco Silos Series Adapter with XLR Male to 1/4-Inch Female Socket,http://www.musiciansfriend.com/accessories/bespeco-xlr-male-to-1-4-mono-female-adapter,,$9.74 
BEHRINGER INFINIUM X1,http://www.musiciansfriend.com/pro-audio/behringer-x1-infinium-optical-fader,," $ 30,00 "
BEHRINGER PSU9-UL,http://www.musiciansfriend.com/accessories/behringer-psu9-ul-120v-power-supply,," $ 20,00 "
Bespeco Silos Series Adapter with 1/4-Inch Stereo Jack to Two RCA Female Sockets,http://www.musiciansfriend.com/accessories/bespeco-1-4-stereo-to-2-rca-female-adapter,,$5.69 
BEHRINGER PSU12-UL,http://www.musiciansfriend.com/accessories/behringer-power-supply-psu12-ul,,$15.00 
Sex Wax Drum Stick Wax,http://www.musiciansfriend.com/accessories/big-bang-distribution-sex-wax-drumstick-wax,," $ 4,00 "
"BG A10L Large Mouthpiece, 0.8mm Patches, 6 Pack - Black",http://www.musiciansfriend.com/woodwinds/bg-mouthpiece-patches,,$6.50 
"Big Bang Distribution 2"" (52mm) TightScrew Snare Drum Tension Rods (4-Pack) Chrome 2-1/2 in. (65mm)",http://www.musiciansfriend.com/accessories/big-bang-distribution-2-52mm-tightscrew-snare-drum-tension-rods-4-pack,," $ 10,45 "
"Big Bang Distribution 2"" (52mm) TightScrew Snare Drum Tension Rods (4-Pack) Chrome 1-5/8 in. (42mm)",http://www.musiciansfriend.com/accessories/big-bang-distribution-2-52mm-tightscrew-snare-drum-tension-rods-4-pack,," $ 9,00 "
"Big Bang Distribution 4-1/2"" (110mm) TightScrew Standard Thread Tension Rods (4-Pack) Chrome Key-Rods 4-1/2 in. (110mm)",http://www.musiciansfriend.com/accessories/big-bang-distribution-4-1-2-110mm-tightscrew-standard-thread-tension-rods-4-pack,," $ 12,00 "
BG Mouthpiece Patches .4 mm Small Clear,http://www.musiciansfriend.com/woodwinds/bg-mouthpiece-patches,,$6.50 
Big Bends Guitar string wipes Large,http://www.musiciansfriend.com/accessories/big-bends-guitar-string-wipes,," $ 7,00 "
Big Bends Guitar string wipes Small,http://www.musiciansfriend.com/accessories/big-bends-guitar-string-wipes,," $ 5,00 "
Big Bends Gloss Sauce Finish Rejuvenator,http://www.musiciansfriend.com/accessories/big-bends-gloss-sauce-finish-rejuvenator,," $ 6,25 "
Big Bends String Sleeves,http://www.musiciansfriend.com/accessories/big-bends-string-sleeves,," $ 4,25 "
BigHeart Glass Double Cut Bottleneck Guitar Slide,http://www.musiciansfriend.com/accessories/bigheart-glass-double-cut-bottleneck-guitar-slide,," $ 14,00 "
BigHeart Real Bottleneck Glass Guitar Slide,http://www.musiciansfriend.com/accessories/bigheart-real-bottleneck-glass-guitar-slide,," $ 12,00 "
BK Media Slim Jewel Case (50 Pack),http://www.musiciansfriend.com/accessories/bk-media-slim-jewel-case-50-pack,," $ 8,00 "
"Black Diamond N600MB Phosphor Bronze Black Coated Acoustic Guitar Strings, Medium",http://www.musiciansfriend.com/accessories/black-diamond-medium-gauge-black-coated-phosphor-bronze-acoustic-guitar-strings,," $ 12,74 "
"Black Diamond N477LB Black Coated Nickel Wound Electric Guitar Strings, Light",http://www.musiciansfriend.com/accessories/black-diamond-light-gauge-black-coated-nickel-electric-guitar-strings,," $ 8,50 "
